INSERT INTO edsa_user VALUES
('jbrown',  'Joe',      'P',    'Brown'),
('felixf',  'Felix',    null,   'Felicius'),
('asmith',  'Andrea',   'L',    'Smith'),
('sgummy',  'Susan',    'C',    'Gummy');

INSERT INTO project VALUES
(100,   'electroporation_w_impedence',       'jbrown'),
(101,   'project2',                          'jbrown'),
(102,   'project3',                          'jbrown'),
(103,   'Pressure',                          'sgummy'),
(104,   'Weather',                           'sgummy'),
(105,   'Temperature',                       'sgummy'),
(106,   'p1',                                'felixf'),
(107,   'p2',                                'felixf'),
(108,   'p3',                                'felixf'),
(109,   '2012',                              'asmith'),
(110,   '2013',                              'asmith'),
(111,   '2014',                              'asmith');

INSERT INTO experiment VALUES
(100,   1000,     'G3A1',   NULL),
(100,   1001,     'G3A2',   NULL),
(101,   1002,     'exp1',   NULL),
(101,   1003,     'exp2',   NULL),
(102,   1004,     'Oct',    NULL),
(102,   1005,     'Nov',    NULL),
(103,   1006,     '10PSI',  NULL),
(103,   1007,     '20PSI',  NULL),
(104,   1008,     'Drizzle',NULL),
(104,   1009,     'Pour',   NULL),
(105,   1010,     'C',      NULL),
(105,   1011,     'F',      NULL),
(106,   1012,     'Jan',    NULL),
(106,   1013,     'Feb',    NULL),
(107,   1014,     'Mar',    NULL),
(107,   1015,     'Apr',    NULL),
(108,   1016,     'Mar',    NULL),
(108,   1017,     'Apr',    NULL),
(109,   1018,     'set1',   NULL),
(109,   1019,     'set2',   NULL),
(110,   1020,     'set1',   NULL),
(110,   1021,     'set2',   NULL),
(111,   1022,     'set1',   NULL),
(111,   1023,     'set2',   NULL);

INSERT INTO file_type VALUES
(1,   'CSV',          '.csv',   TRUE),
(2,   'Data',         '.dat',   TRUE),
(3,   'Fixed Width',  '.fwf',   TRUE);

INSERT INTO data_type VALUES
(1,   'xy'),
(2,   'waveform'),
(3,   'xyz');

INSERT INTO data_set VALUES
(1000, 10000, 'reference_wfm',             2,  'flat',  '/tmp/electroporation_w_impedence/reference_wfm.csv',
             'seconds',       'MHz',      0.000001,     'reference'),
(1000, 10001, 'offset_calib_wfm',          2,  'flat',  '/tmp/electroporation_w_impedence/offset_calib_wfm.csv',
             'seconds',       'MHz',      0.000001,     'offset calibration wfm'),
(1000, 10002, '1mhz_calib_wfm',            2,  'flat',  '/tmp/electroporation_w_impedence/1mhz_calib_wfm.csv',
             'seconds',       'MHz',      0.000001,     '1MHz calibration wfm'),
(1000, 10003, 'debug_wfm',                 2,  'flat',  '/tmp/electroporation_w_impedence/debug_wfm.csv',
             'seconds',       'MHz',      0.000001,     'debug wfm'),
(1000, 10004, '0_imp_raw',                 2,  'flat',   '/tmp/electroporation_w_impedence/0_raw.csv',
             'seconds',       'V_0,Voltage [V],I_0,Current [mA]',
             0.000001,        NULL),
(1000, 10005, '1_imp_raw',                 2,  'flat',   '/tmp/electroporation_w_impedence/1_raw.csv',
             'seconds',       'V_1,Voltage [V],I_1,Current [mA]',
             0.000001,        NULL),
(1000, 10006, '2_imp_raw',                 2,  'flat',   '/tmp/electroporation_w_impedence/2_raw.csv',
             'seconds',       'V_2,Voltage [V],I_2,Current [mA]',
             0.000001,        NULL),
(1000, 10007, '3_imp_raw',                 2,  'flat',   '/tmp/electroporation_w_impedence/3_raw.csv',
             'seconds',       'V_3,Voltage [V],I_3,Current [mA]',
             0.000001,        NULL),
(1000, 10008, '4_imp_raw',                 2,  'flat',   '/tmp/electroporation_w_impedence/4_raw.csv',
             'seconds',       'V_4,Voltage [V],I_4,Current [mA]',
             0.000001,        NULL),
(1000, 10009, '5_imp_raw',                 2,  'flat',   '/tmp/electroporation_w_impedence/5_raw.csv',
             'seconds',       'V_5,Voltage [V],I_5,Current [mA]',
             0.000001,        NULL),
(1000, 10010, '6_imp_raw',                 2,  'flat',   '/tmp/electroporation_w_impedence/6_raw.csv',
             'seconds',       'V_6,Voltage [V],I_6,Current [mA]',
             0.000001,        NULL),
(1000, 10011, '7_imp_raw',                 2,  'flat',   '/tmp/electroporation_w_impedence/7_raw.csv',
             'seconds',       'V_7,Voltage [V],I_7,Current [mA]',
             0.000001,        NULL),
(1000, 10012, '8_imp_raw',                 2,  'flat',   '/tmp/electroporation_w_impedence/8_raw.csv',
             'seconds',       'V_8,Voltage [V],I_8,Current [mA]',
             0.000001,        NULL),
(1000, 10013, '9_imp_raw',                 2,  'flat',   '/tmp/electroporation_w_impedence/9_raw.csv',
             'seconds',       'V_9,Voltage [V],I_9,Current [mA]',
             0.000001,        NULL),
(1000, 10014, '10_imp_raw',                2,  'flat',   '/tmp/electroporation_w_impedence/10_raw.csv',
             'seconds',       'V_10,Voltage [V],I_10,Current [mA]',
             0.000001,        NULL),
(1000, 10015, '11_imp_raw',                2,  'flat',   '/tmp/electroporation_w_impedence/11_raw.csv',
             'seconds',       'V_11,Voltage [V],I_11,Current [mA]',
             0.000001,        NULL),
(1000, 10016, '12_imp_raw',                2,  'flat',   '/tmp/electroporation_w_impedence/12_raw.csv',
             'seconds',       'V_12,Voltage [V],I_12,Current [mA]',
             0.000001,        NULL),
(1000, 10017, '13_imp_raw',                2,  'flat',   '/tmp/electroporation_w_impedence/13_raw.csv',
             'seconds',       'V_13,Voltage [V],I_13,Current [mA]',
             0.000001,        NULL),
(1000, 10018, '14_imp_raw',                2,  'flat',   '/tmp/electroporation_w_impedence/14_raw.csv',
             'seconds',       'V_14,Voltage [V],I_14,Current [mA]',
             0.000001,        NULL),
(1000, 10019, '15_imp_raw',                2,  'flat',   '/tmp/electroporation_w_impedence/15_raw.csv',
             'seconds',       'V_15,Voltage [V],I_15,Current [mA]',
             0.000001,        NULL),
(1000, 10020, '16_imp_raw',                2,  'flat',   '/tmp/electroporation_w_impedence/16_raw.csv',
             'seconds',       'V_16,Voltage [V],I_16,Current [mA]',
             0.000001,        NULL),
(1000, 10021, '17_imp_raw',                2,  'flat',   '/tmp/electroporation_w_impedence/17_raw.csv',
             'seconds',       'V_17,Voltage [V],I_17,Current [mA]',
             0.000001,        NULL),
(1000, 10022, '18_imp_raw',                2,  'flat',   '/tmp/electroporation_w_impedence/18_raw.csv',
             'seconds',       'V_18,Voltage [V],I_18,Current [mA]',
             0.000001,        NULL),
(1000, 10023, '19_imp_raw',                2,  'flat',   '/tmp/electroporation_w_impedence/19_raw.csv',
             'seconds',       'V_19,Voltage [V],I_19,Current [mA]',
             0.000001,        NULL),
(1000, 10024, '20_imp_raw',                2,  'flat',   '/tmp/electroporation_w_impedence/20_raw.csv',
             'seconds',       'V_20,Voltage [V],I_20,Current [mA]',
             0.000001,        NULL),
(1000, 10025, '21_imp_raw',                2,  'flat',   '/tmp/electroporation_w_impedence/21_raw.csv',
             'seconds',       'V_21,Voltage [V],I_21,Current [mA]',
             0.000001,        NULL),
(1000, 10026, '22_imp_raw',                2,  'flat',   '/tmp/electroporation_w_impedence/22_raw.csv',
             'seconds',       'V_22,Voltage [V],I_22,Current [mA]',
             0.000001,        NULL),
(1000, 10027, '23_imp_raw',                2,  'flat',   '/tmp/electroporation_w_impedence/23_raw.csv',
             'seconds',       'V_23,Voltage [V],I_23,Current [mA]',
             0.000001,        NULL),
(1000, 10028, '24_imp_raw',                2,  'flat',   '/tmp/electroporation_w_impedence/24_raw.csv',
             'seconds',       'V_24,Voltage [V],I_24,Current [mA]',
             0.000001,        NULL),
(1000, 10029, '25_imp_raw',                2,  'flat',   '/tmp/electroporation_w_impedence/25_raw.csv',
             'seconds',       'V_25,Voltage [V],I_25,Current [mA]',
             0.000001,        NULL),
(1000, 10030, '26_imp_raw',                2,  'flat',   '/tmp/electroporation_w_impedence/26_raw.csv',
             'seconds',       'V_26,Voltage [V],I_26,Current [mA]',
             0.000001,        NULL),
(1000, 10031, '27_imp_raw',                2,  'flat',   '/tmp/electroporation_w_impedence/27_raw.csv',
             'seconds',       'V_27,Voltage [V],I_27,Current [mA]',
             0.000001,        NULL),
(1000, 10032, '28_imp_raw',                2,  'flat',   '/tmp/electroporation_w_impedence/28_raw.csv',
             'seconds',       'V_28,Voltage [V],I_28,Current [mA]',
             0.000001,        NULL),
(1000, 10033, '29_imp_raw',                2,  'flat',   '/tmp/electroporation_w_impedence/29_raw.csv',
             'seconds',       'V_29,Voltage [V],I_29,Current [mA]',
             0.000001,        NULL),
(1000, 10034, '30_imp_raw',                2,  'flat',   '/tmp/electroporation_w_impedence/30_raw.csv',
             'seconds',       'V_30,Voltage [V],I_30,Current [mA]',
             0.000001,        NULL),
(1000, 10035, '31_imp_raw',                2,  'flat',   '/tmp/electroporation_w_impedence/31_raw.csv',
             'seconds',       'V_31,Voltage [V],I_31,Current [mA]',
             0.000001,        NULL),
(1000, 10036, '32_imp_raw',                2,  'flat',   '/tmp/electroporation_w_impedence/32_raw.csv',
             'seconds',       'V_32,Voltage [V],I_32,Current [mA]',
             0.000001,        NULL),
(1000, 10037, '33_imp_raw',                2,  'flat',   '/tmp/electroporation_w_impedence/33_raw.csv',
             'seconds',       'V_33,Voltage [V],I_33,Current [mA]',
             0.000001,        NULL),
(1000, 10038, '34_imp_raw',                2,  'flat',   '/tmp/electroporation_w_impedence/34_raw.csv',
             'seconds',       'V_34,Voltage [V],I_34,Current [mA]',
             0.000001,        NULL),
(1000, 10039, '35_imp_raw',                2,  'flat',   '/tmp/electroporation_w_impedence/35_raw.csv',
             'seconds',       'V_35,Voltage [V],I_35,Current [mA]',
             0.000001,        NULL),
(1000, 10040, '0_imp_processed',           1,  'table',  
             'jbrown10040',               'seconds',          
             'frequency,hz,magnitude,ohms,phase,radians,nyquist_real,ohms,nyquist_imag,ohms',
              0.000001,       
              'Baseline: Sequence 1 of 18 = 1, 5, -2, -6'),
(1000, 10041, '1_imp_processed',           1,  'table',  
             'jbrown10041',               'seconds',          
             'frequency,hz,magnitude,ohms,phase,radians,nyquist_real,ohms,nyquist_imag,ohms',
              0.000001,       
             'Baseline: Sequence 2 of 18 = 1, -5, 2, -6'),
(1000, 10042, '2_imp_processed',           1,  'table',  
             'jbrown10042',               'seconds',          
             'frequency,hz,magnitude,ohms,phase,radians,nyquist_real,ohms,nyquist_imag,ohms',
              0.000001,       
             'Baseline: Sequence 3 of 18 = 2, 6, -3, -7'),
(1000, 10043, '3_imp_processed',           1,  'table',  
             'jbrown10043',               'seconds',          
             'frequency,hz,magnitude,ohms,phase,radians,nyquist_real,ohms,nyquist_imag,ohms',
              0.000001,       
             'Baseline: Sequence 4 of 18 = 2, -6, 3, -7'),
(1000, 10044, '4_imp_processed',           1,  'table',  
             'jbrown10044',               'seconds',          
             'frequency,hz,magnitude,ohms,phase,radians,nyquist_real,ohms,nyquist_imag,ohms',
              0.000001,       
             'Baseline: Sequence 5 of 18 = 3, 7, -4, -8'),
(1000, 10045, '5_imp_processed',           1,  'table',  
             'jbrown10045',               'seconds',          
             'frequency,hz,magnitude,ohms,phase,radians,nyquist_real,ohms,nyquist_imag,ohms',
              0.000001,       
             'Baseline: Sequence 6 of 18 = 3, -7, 4, -8'),
(1000, 10046, '6_imp_processed',           1,  'table',  
             'jbrown10046',               'seconds',          
             'frequency,hz,magnitude,ohms,phase,radians,nyquist_real,ohms,nyquist_imag,ohms',
              0.000001,       
             'Baseline: Sequence 7 of 18 = 5, 9, -6, -10'),
(1000, 10047, '7_imp_processed',           1,  'table',  
             'jbrown10047',               'seconds',          
             'frequency,hz,magnitude,ohms,phase,radians,nyquist_real,ohms,nyquist_imag,ohms',
              0.000001,       
             'Baseline: Sequence 8 of 18 = 5, -9, 6, -10'),
(1000, 10048, '8_imp_processed',           1,  'table',  
             'jbrown10048',               'seconds',          
             'frequency,hz,magnitude,ohms,phase,radians,nyquist_real,ohms,nyquist_imag,ohms',
              0.000001,       
             'Baseline: Sequence 9 of 18 = 6, 10, -7, -11'),
(1000, 10049, '9_imp_processed',           1,  'table',  
             'jbrown10049',               'seconds',          
             'frequency,hz,magnitude,ohms,phase,radians,nyquist_real,ohms,nyquist_imag,ohms',
              0.000001,       
             'Baseline: Sequence 10 of 18 = 6, -10, 7, -11'),
(1000, 10050, '10_imp_processed',          1,  'table',  
             'jbrown10050',               'seconds',          
             'frequency,hz,magnitude,ohms,phase,radians,nyquist_real,ohms,nyquist_imag,ohms',
              0.000001,       
             'Baseline: Sequence 11 of 18 = 7, 11, -8, -12'),
(1000, 10051, '11_imp_processed',          1,  'table',  
             'jbrown10051',               'seconds',          
             'frequency,hz,magnitude,ohms,phase,radians,nyquist_real,ohms,nyquist_imag,ohms',
              0.000001,       
             'Baseline: Sequence 12 of 18 = 7, -11, 8, -12'),
(1000, 10052, '12_imp_processed',          1,  'table',  
             'jbrown10052',               'seconds',          
             'frequency,hz,magnitude,ohms,phase,radians,nyquist_real,ohms,nyquist_imag,ohms',
              0.000001,       
             'Baseline: Sequence 13 of 18 = 9, 13, -10, -14'),
(1000, 10053, '13_imp_processed',          1,  'table',  
             'jbrown10053',               'seconds',          
             'frequency,hz,magnitude,ohms,phase,radians,nyquist_real,ohms,nyquist_imag,ohms',
              0.000001,       
             'Baseline: Sequence 14 of 18 = 9, -13, 10, -14'),
(1000, 10054, '14_imp_processed',          1,  'table',  
             'jbrown10054',               'seconds',          
             'frequency,hz,magnitude,ohms,phase,radians,nyquist_real,ohms,nyquist_imag,ohms',
              0.000001,       
             'Baseline: Sequence 15 of 18 = 10, 14, -11, -15'),
(1000, 10055, '15_imp_processed',          1,  'table',  
             'jbrown10055',               'seconds',          
             'frequency,hz,magnitude,ohms,phase,radians,nyquist_real,ohms,nyquist_imag,ohms',
              0.000001,       
             'Baseline: Sequence 16 of 18 = 10, -14, 11, -15'),
(1000, 10056, '16_imp_processed',          1,  'table',  
             'jbrown10056',               'seconds',          
             'frequency,hz,magnitude,ohms,phase,radians,nyquist_real,ohms,nyquist_imag,ohms',
              0.000001,       
             'Baseline: Sequence 17 of 18 = 11, 15, -12, -16'),
(1000, 10057, '17_imp_processed',          1,  'table',  
             'jbrown10057',               'seconds',          
             'frequency,hz,magnitude,ohms,phase,radians,nyquist_real,ohms,nyquist_imag,ohms',
              0.000001,       
             'Baseline: Sequence 18 of 18 = 11, -15, 12, -16'),
(1000, 10058, '18_imp_processed',          1,  'table',  
             'jbrown10058',               'seconds',          
             'frequency,hz,magnitude,ohms,phase,radians,nyquist_real,ohms,nyquist_imag,ohms',
              0.000001,       
             'During: After Sector 1 of 9, Sequence = 1, 5, -2, -6'),
(1000, 10059, '19_imp_processed',          1,  'table',  
             'jbrown10059',               'seconds',          
             'frequency,hz,magnitude,ohms,phase,radians,nyquist_real,ohms,nyquist_imag,ohms',
              0.000001,       
             'During: After Sector 1 of 9, Sequence = 1, -5, 2, -6'),
(1000, 10060, '20_imp_processed',          1,  'table', 
             'jbrown10060',               'seconds',          
             'frequency,hz,magnitude,ohms,phase,radians,nyquist_real,ohms,nyquist_imag,ohms',
              0.000001,       
             'During: After Sector 2 of 9, Sequence = 2, 6, -3, -7'),
(1000, 10061, '21_imp_processed',          1,  'table',  
             'jbrown10061',               'seconds',          
             'frequency,hz,magnitude,ohms,phase,radians,nyquist_real,ohms,nyquist_imag,ohms',
              0.000001,       
             'During: After Sector 2 of 9, Sequence = 2, -6, 3, -7'),
(1000, 10062, '22_imp_processed',          1,  'table',  
             'jbrown10062',               'seconds',          
             'frequency,hz,magnitude,ohms,phase,radians,nyquist_real,ohms,nyquist_imag,ohms',
              0.000001,       
             'During: After Sector 3 of 9, Sequence = 3, 7, -4, -8'),
(1000, 10063, '23_imp_processed',          1,  'table',  
             'jbrown10063',               'seconds',          
             'frequency,hz,magnitude,ohms,phase,radians,nyquist_real,ohms,nyquist_imag,ohms',
              0.000001,       
             'During: After Sector 3 of 9, Sequence = 3, -7, 4, -8'),
(1000, 10064, '24_imp_processed',          1,  'table',  
             'jbrown10064',               'seconds',          
             'frequency,hz,magnitude,ohms,phase,radians,nyquist_real,ohms,nyquist_imag,ohms',
              0.000001,       
             'During: After Sector 4 of 9, Sequence = 5, 9, -6, -10'),
(1000, 10065, '25_imp_processed',          1,  'table',  
             'jbrown10065',               'seconds',          
             'frequency,hz,magnitude,ohms,phase,radians,nyquist_real,ohms,nyquist_imag,ohms',
              0.000001,       
             'During: After Sector 4 of 9, Sequence = 5, -9, 6, -10'),
(1000, 10066, '26_imp_processed',          1,  'table',  
             'jbrown10066',               'seconds',          
             'frequency,hz,magnitude,ohms,phase,radians,nyquist_real,ohms,nyquist_imag,ohms',
              0.000001,       
             'During: After Sector 5 of 9, Sequence = 6, 10, -7, -11'),
(1000, 10067, '27_imp_processed',          1,  'table', 
             'jbrown10067',               'seconds',          
             'frequency,hz,magnitude,ohms,phase,radians,nyquist_real,ohms,nyquist_imag,ohms',
              0.000001,       
             'During: After Sector 5 of 9, Sequence = 6, -10, 7, -11'),
(1000, 10068, '28_imp_processed',          1,  'table', 
             'jbrown10068',               'seconds',          
             'frequency,hz,magnitude,ohms,phase,radians,nyquist_real,ohms,nyquist_imag,ohms',
              0.000001,       
             'During: After Sector 6 of 9, Sequence = 7, 11, -8, -12'),
(1000, 10069, '29_imp_processed',          1,  'table', 
             'jbrown10069',               'seconds',          
             'frequency,hz,magnitude,ohms,phase,radians,nyquist_real,ohms,nyquist_imag,ohms',
              0.000001,       
             'During: After Sector 6 of 9, Sequence = 7, -11, 8, -12'),
(1000, 10070, '30_imp_processed',          1,  'table',  
             'jbrown10070',               'seconds',          
             'frequency,hz,magnitude,ohms,phase,radians,nyquist_real,ohms,nyquist_imag,ohms',
              0.000001,       
             'During: After Sector 7 of 9, Sequence = 9, 13, -10, -14'),
(1000, 10071, '31_imp_processed',          1,  'table',  
             'jbrown10071',               'seconds',          
             'frequency,hz,magnitude,ohms,phase,radians,nyquist_real,ohms,nyquist_imag,ohms',
              0.000001,       
             'During: After Sector 7 of 9, Sequence = 9, -13, 10, -14'),
(1000, 10072, '32_imp_processed',          1,  'table', 
             'jbrown10072',               'seconds',          
             'frequency,hz,magnitude,ohms,phase,radians,nyquist_real,ohms,nyquist_imag,ohms',
              0.000001,       
             'During: After Sector 8 of 9, Sequence = 10, 14, -11, -15'),
(1000, 10073, '33_imp_processed',          1,  'table',  
             'jbrown10073',               'seconds',          
             'frequency,hz,magnitude,ohms,phase,radians,nyquist_real,ohms,nyquist_imag,ohms',
              0.000001,       
             'During: After Sector 8 of 9, Sequence = 10, -14, 11, -15'),
(1000, 10074, '34_imp_processed',          1,  'table',  
             'jbrown10074',               'seconds',          
             'frequency,hz,magnitude,ohms,phase,radians,nyquist_real,ohms,nyquist_imag,ohms',
              0.000001,       
             'During: After Sector 9 of 9, Sequence = 11, 15, -12, -16'),
(1000, 10075, '35_imp_processed',          1,  'table',  
             'jbrown10075',               'seconds',          
             'frequency,hz,magnitude,ohms,phase,radians,nyquist_real,ohms,nyquist_imag,ohms',
              0.000001,       
             'During: After Sector 9 of 9, Sequence = 11, -15, 12, -16'),
(1002, 10076, '28Jul2014',      1,  'table',  NULL, NULL, NULL, NULL, NULL),
(1002, 10077, '29Jul2014',      1,  'table',  NULL, NULL, NULL, NULL, NULL),
(1003, 10078, '20Aug2014',      1,  'table',  NULL, NULL, NULL, NULL, NULL),
(1003, 10079, '22Aug2014',      1,  'table',  NULL, NULL, NULL, NULL, NULL),
(1004, 10080, 'P25',            1,  'table',  NULL, NULL, NULL, NULL, NULL),
(1004, 10081, 'P35',            1,  'table',  NULL, NULL, NULL, NULL, NULL),
(1005, 10082, 'Q15',            1,  'table',  NULL, NULL, NULL, NULL, NULL),
(1005, 10083, 'Q25',            1,  'table',  NULL, NULL, NULL, NULL, NULL),
(1006, 10084, '1000',           1,  'table',  NULL, NULL, NULL, NULL, NULL),
(1006, 10085, '2000',           1,  'table',  NULL, NULL, NULL, NULL, NULL),
(1007, 10086, '1000',           1,  'table',  NULL, NULL, NULL, NULL, NULL),
(1007, 10087, '2000',           1,  'table',  NULL, NULL, NULL, NULL, NULL),
(1008, 10088, '0700 18Sept2000',1,  'table',  NULL, NULL, NULL, NULL, NULL),
(1008, 10089, '0800 18Sept2000',1,  'table',  NULL, NULL, NULL, NULL, NULL),
(1009, 10090, '1200 20Sept2000',1,  'table',  NULL, NULL, NULL, NULL, NULL),
(1009, 10091, '1300 20Sept2000',1,  'table',  NULL, NULL, NULL, NULL, NULL),
(1010, 10092, '1',              1,  'table',  NULL, NULL, NULL, NULL, NULL),
(1010, 10093, '2',              1,  'table',  NULL, NULL, NULL, NULL, NULL),
(1011, 10094, '1',              1,  'table',  NULL, NULL, NULL, NULL, NULL),
(1011, 10095, '2',              1,  'table',  NULL, NULL, NULL, NULL, NULL),
(1012, 10096, '21',             1,  'table',  NULL, NULL, NULL, NULL, NULL),
(1012, 10097, '22',             1,  'table',  NULL, NULL, NULL, NULL, NULL),
(1013, 10098, '15',             1,  'table',  NULL, NULL, NULL, NULL, NULL),
(1013, 10099, '17',             1,  'table',  NULL, NULL, NULL, NULL, NULL),
(1014, 10100, '09',             1,  'table',  NULL, NULL, NULL, NULL, NULL),
(1014, 10101, '13',             1,  'table',  NULL, NULL, NULL, NULL, NULL),
(1015, 10102, '10',             1,  'table',  NULL, NULL, NULL, NULL, NULL),
(1015, 10103, '11',             1,  'table',  NULL, NULL, NULL, NULL, NULL),
(1016, 10104, '01',             1,  'table',  NULL, NULL, NULL, NULL, NULL),
(1016, 10105, '05',             1,  'table',  NULL, NULL, NULL, NULL, NULL),
(1017, 10106, '18',             1,  'table',  NULL, NULL, NULL, NULL, NULL),
(1017, 10107, '20',             1,  'table',  NULL, NULL, NULL, NULL, NULL),
(1018, 10108, '28Oct2014',      1,  'flat',   NULL, NULL, NULL, NULL, NULL),
(1018, 10109, '12Nov2014',      1,  'flat',   NULL, NULL, NULL, NULL, NULL),
(1019, 10110, '01Jan2015',      1,  'flat',   NULL, NULL, NULL, NULL, NULL),
(1019, 10111, '05Jan2015',      1,  'flat',   NULL, NULL, NULL, NULL, NULL),
(1020, 10112, '02Feb2015',      1,  'flat',   NULL, NULL, NULL, NULL, NULL),
(1020, 10113, '08Feb2015',      1,  'flat',   NULL, NULL, NULL, NULL, NULL),
(1021, 10114, '16Mar2015',      1,  'flat',   NULL, NULL, NULL, NULL, NULL),
(1021, 10115, '18Mar2015',      1,  'flat',   NULL, NULL, NULL, NULL, NULL),
(1022, 10116, '07Apr2015',      1,  'flat',   NULL, NULL, NULL, NULL, NULL),
(1022, 10117, '08Apr2015',      1,  'flat',   NULL, NULL, NULL, NULL, NULL),
(1023, 10118, '03May2015',      1,  'flat',   NULL, NULL, NULL, NULL, NULL),
(1023, 10119, '08May2015',      1,  'flat',   NULL, NULL, NULL, NULL, NULL);

INSERT INTO flat_file VALUES
(1,   10000,  1, TRUE, ','),
(2,   10001,  1, TRUE, ','),
(3,   10002,  1, TRUE, ','),
(4,   10003,  1, TRUE, ','),
(5,   10004,  1, TRUE, ','),
(6,   10005,  1, TRUE, ','),
(7,   10006,  1, TRUE, ','),
(8,   10007,  1, TRUE, ','),
(9,   10008,  1, TRUE, ','),
(10,  10009,  1, TRUE, ','),
(11,  10010,  1, TRUE, ','),
(12,  10011,  1, TRUE, ','),
(13,  10012,  1, TRUE, ','),
(14,  10013,  1, TRUE, ','),
(15,  10014,  1, TRUE, ','),
(16,  10015,  1, TRUE, ','),
(17,  10016,  1, TRUE, ','),
(18,  10017,  1, TRUE, ','),
(19,  10018,  1, TRUE, ','),
(20,  10019,  1, TRUE, ','),
(21,  10020,  1, TRUE, ','),
(22,  10021,  1, TRUE, ','),
(23,  10022,  1, TRUE, ','),
(24,  10023,  1, TRUE, ','),
(25,  10024,  1, TRUE, ','),
(26,  10025,  1, TRUE, ','),
(27,  10026,  1, TRUE, ','),
(28,  10027,  1, TRUE, ','),
(29,  10028,  1, TRUE, ','),
(30,  10029,  1, TRUE, ','),
(31,  10030,  1, TRUE, ','),
(32,  10031,  1, TRUE, ','),
(33,  10032,  1, TRUE, ','),
(34,  10033,  1, TRUE, ','),
(35,  10034,  1, TRUE, ','),
(36,  10035,  1, TRUE, ','),
(37,  10036,  1, TRUE, ','),
(38,  10037,  1, TRUE, ','),
(39,  10038,  1, TRUE, ','),
(40,  10039,  1, TRUE, ',');

INSERT INTO permissions VALUES
(100,   'jbrown',   'owner',  7),
(101,   'jbrown',   'owner',  7),
(101,   'sgummy',   'group',  4),
(102,   'jbrown',   'owner',  7),
(103,   'sgummy',   'owner',  7),
(103,   'jbrown',   'group',  4),
(103,   'felixf',   'group',  4),
(104,   'sgummy',   'owner',  7),
(105,   'sgummy',   'owner',  7),
(106,   'felixf',   'owner',  7),
(106,   'asmith',   'group',  6),
(107,   'felixf',   'owner',  7),
(108,   'felixf',   'owner',  7),
(108,   'jbrown',   'group',  6),
(109,   'asmith',   'owner',  7),
(110,   'asmith',   'owner',  7),
(110,   'sgummy',   'group',  4),
(111,   'asmith',   'owner',  7);

INSERT INTO condition VALUES
(10,    1000, 'electric field', 'v/cm',  '100'),
(11,    1000, 'pulsing protocol',  NULL, '4x4');
